<?xml version="1.0" encoding="utf-8"?>
<rule>
    <!--示例<reply name="NotNull" src="NotNull" ignoreCase="[true|false] deflate:false" mode="[contains_match|word_all|contains_all] deflate:contains_match"> NotNull </reply>-->
    <reply name="namespacePrefix" src="android">ohos</reply>
    <reply name="namespaceURI" src="http://schemas.android.com/apk/res/android" mode="word_all">http://schemas.huawei.com/res/ohos</reply>
    <reply name="namespaceURI" src="http://schemas.android.com/apk/res-auto" mode="word_all">http://schemas.huawei.com/res/ohos-auto</reply>

    <reply name="elementName" src="View" mode="word_all">Component</reply>
    <reply name="elementName" src="SurfaceView" mode="word_all">SurfaceProvider</reply>
    <reply name="elementName" src="GLSurfaceView" mode="word_all">SurfaceProvider</reply>
    <reply name="elementName" src="SeekBar" mode="word_all">Slider</reply>
    <reply name="elementName" src="AppCompatSeekBar" mode="contains_all">Slider</reply>
    <reply name="elementName" src="RatingBar" mode="word_all">Rating</reply>
    <reply name="elementName" src="AppCompatRatingBar" mode="contains_all">Rating</reply>
    <reply name="elementName" src="ContentLoadingProgressBar" mode="contains_all">ProgressBar</reply>
    <reply name="elementName" src="ImageView" mode="word_all">Image</reply>
    <reply name="elementName" src="ImageButton" mode="word_all">Image</reply>
    <reply name="elementName" src="AppCompatImageButton" mode="contains_all">Image</reply>
    <reply name="elementName" src="CheckableImageButton" mode="contains_all">Image</reply>
    <reply name="elementName" src="VisibilityAwareImageButton" mode="contains_all">Image</reply>
    <reply name="elementName" src="AppCompatImageView" mode="contains_all">Image</reply>
    <reply name="elementName" src="MediaRouteButton" mode="word_all">Button</reply>
    <reply name="elementName" src="TextureView" mode="word_all">TextureComponentEx</reply>
    <reply name="elementName" src="ViewGroup" mode="word_all">ComponentContainer</reply>
    <reply name="elementName" src="LinearLayout" mode="word_all">DirectionalLayout</reply>
    <reply name="elementName" src="RadioGroup" mode="word_all">RadioContainer</reply>
    <reply name="elementName" src="FrameLayout" mode="word_all">StackLayout</reply>
    <reply name="elementName" src="TabLayout" mode="contains_all">PageSliderIndicator</reply>
    <reply name="elementName" src="ViewPager" mode="contains_all">PageSlider</reply>
    <reply name="elementName" src="ViewPager2" mode="contains_all">PageSlider</reply>
    <reply name="elementName" src="RecyclerView" mode="contains_all">ListContainer</reply>
    <reply name="elementName" src="GridView" mode="word_all">ListContainer</reply>
    <reply name="elementName" src="MaterialCalendarGridView" mode="contains_all">ListContainer</reply>
    <reply name="elementName" src="ListView" mode="word_all">ListContainer</reply>
    <reply name="elementName" src="ExpandableListView" mode="word_all">ListContainer</reply>
    <reply name="elementName" src="GridLayout" mode="word_all">ListContainer</reply>
    <reply name="elementName" src="RelativeLayout" mode="word_all">DependentLayout</reply>
    <reply name="elementName" src="TextView" mode="word_all">Text</reply>
    <reply name="elementName" src="AppCompatTextView" mode="contains_all">Text</reply>
    <reply name="elementName" src="TextClock" mode="word_all">Clock</reply>
    <reply name="elementName" src="CompoundButton" mode="word_all">Button</reply>
    <reply name="elementName" src="CheckBox" mode="word_all">Checkbox</reply>
    <reply name="elementName" src="AppCompatCheckBox" mode="contains_all">Checkbox</reply>
    <reply name="elementName" src="AppCompatRadioButton" mode="contains_all">RadioButton</reply>
    <reply name="elementName" src="AppCompatToggleButton" mode="contains_all">RadioButton</reply>
    <reply name="elementName" src="AppCompatButton" mode="contains_all">RadioButton</reply>
    <reply name="elementName" src="EditText" mode="word_all">TextField</reply>
    <reply name="elementName" src="ExtractEditText" mode="word_all">TextField</reply>
    <reply name="elementName" src="AppCompatEditText" mode="contains_all">TextField</reply>
    <reply name="elementName" src="TextInputEditText" mode="contains_all">TextField</reply>
    <reply name="elementName" src="AutoCompleteTextView" mode="word_all">TextField</reply>
    <reply name="elementName" src="AppCompatAutoCompleteTextView" mode="contains_all">TextField</reply>

    <reply name="attributeName" src="gravity" mode="word_all">alignment</reply>
    <reply name="attributeName" src="layout_gravity" mode="word_all">layout_alignment</reply>
    <reply name="attributeName" src="textSize" mode="word_all">text_size</reply>
    <reply name="attributeName" src="src" mode="word_all">image_src</reply>
    <reply name="attributeName" src="scaleType" mode="word_all">scale_mode</reply>
    <reply name="attributeName" src="maxHeight" mode="word_all">max_height</reply>
    <reply name="attributeName" src="maxWidth" mode="word_all">max_width</reply>
    <reply name="attributeName" src="layout_weight" mode="word_all">weight</reply>
    <reply name="attributeName" src="progressDrawable" mode="word_all">progress_element</reply>
    <reply name="attributeName" src="layout_toLeftOf" mode="word_all">left_of</reply>
    <reply name="attributeName" src="layout_toRightOf" mode="word_all">right_of</reply>
    <reply name="attributeName" src="layout_above" mode="word_all">above</reply>
    <reply name="attributeName" src="layout_below" mode="word_all">below</reply>
    <reply name="attributeName" src="layout_alignBaseline" mode="word_all">align_baseline</reply>
    <reply name="attributeName" src="layout_alignLeft" mode="word_all">align_left</reply>
    <reply name="attributeName" src="layout_alignTop" mode="word_all">align_top</reply>
    <reply name="attributeName" src="layout_alignRight" mode="word_all">align_right</reply>
    <reply name="attributeName" src="layout_alignBottom" mode="word_all">align_bottom</reply>
    <reply name="attributeName" src="layout_alignParentLeft" mode="word_all">align_parent_left</reply>
    <reply name="attributeName" src="layout_alignParentTop" mode="word_all">align_parent_top</reply>
    <reply name="attributeName" src="layout_alignParentRight" mode="word_all">align_parent_right</reply>
    <reply name="attributeName" src="layout_alignParentBottom" mode="word_all">align_parent_bottom</reply>
    <reply name="attributeName" src="layout_centerInParent" mode="word_all">center_in_parent</reply>
    <reply name="attributeName" src="layout_centerHorizontal" mode="word_all">horizontal_center</reply>
    <reply name="attributeName" src="layout_centerVertical" mode="word_all">vertical_center</reply>
    <reply name="attributeName" src="layout_toStartOf" mode="word_all">start_of</reply>
    <reply name="attributeName" src="layout_toEndOf" mode="word_all">end_of</reply>
    <reply name="attributeName" src="layout_alignStart" mode="word_all">align_start</reply>
    <reply name="attributeName" src="layout_alignEnd" mode="word_all">align_end</reply>
    <reply name="attributeName" src="layout_alignParentStart" mode="word_all">align_parent_start</reply>
    <reply name="attributeName" src="layout_alignParentEnd" mode="word_all">align_parent_end</reply>
    <reply name="attributeName" src="textColor" mode="word_all">text_color</reply>
    <reply name="attributeName" src="textColorHint" mode="word_all">hint_color</reply>
    <reply name="attributeName" src="textAlignment" mode="word_all">text_alignment</reply>
    <reply name="attributeName" src="maxLines" mode="word_all">max_text_lines</reply>
    <reply name="attributeName" src="lineSpacingExtra" mode="word_all">additional_line_spacing</reply>
    <reply name="attributeName" src="lineHeight" mode="word_all">line_height_num</reply>
    <reply name="attributeName" src="inputType" mode="word_all">text_input_type</reply>
    <reply name="attributeName" src="drawableLeft" mode="word_all">element_left</reply>
    <reply name="attributeName" src="drawableTop" mode="word_all">element_top</reply>
    <reply name="attributeName" src="drawableRight" mode="word_all">element_right</reply>
    <reply name="attributeName" src="drawableBottom" mode="word_all">element_bottom</reply>
    <reply name="attributeName" src="drawableStart" mode="word_all">element_start</reply>
    <reply name="attributeName" src="drawableEnd" mode="word_all">element_end</reply>
    <reply name="attributeName" src="textStyle" mode="word_all">text_font</reply>
    <reply name="attributeName" src="layoutDirection" mode="word_all">layout_direction</reply>
    <reply name="attributeName" src="layout_width" mode="word_all">width</reply>
    <reply name="attributeName" src="layout_height" mode="word_all">height</reply>
    <reply name="attributeName" src="layout_margin" mode="word_all">margin</reply>
    <reply name="attributeName" src="layout_marginLeft" mode="word_all">left_margin</reply>
    <reply name="attributeName" src="layout_marginTop" mode="word_all">top_margin</reply>
    <reply name="attributeName" src="layout_marginRight" mode="word_all">right_margin</reply>
    <reply name="attributeName" src="layout_marginBottom" mode="word_all">bottom_margin</reply>
    <reply name="attributeName" src="layout_marginStart" mode="word_all">start_margin</reply>
    <reply name="attributeName" src="layout_marginEnd" mode="word_all">end_margin</reply>
    <reply name="attributeName" src="background" mode="word_all">background_element</reply>
    <reply name="attributeName" src="foreground" mode="word_all">foreground_element</reply>
    <reply name="attributeName" src="minWidth" mode="word_all">min_width</reply>
    <reply name="attributeName" src="minHeight" mode="word_all">min_height</reply>
    <reply name="attributeName" src="paddingLeft" mode="word_all">left_padding</reply>
    <reply name="attributeName" src="paddingRight" mode="word_all">right_padding</reply>
    <reply name="attributeName" src="paddingStart" mode="word_all">start_padding</reply>
    <reply name="attributeName" src="paddingEnd" mode="word_all">end_padding</reply>
    <reply name="attributeName" src="paddingTop" mode="word_all">top_padding</reply>
    <reply name="attributeName" src="paddingBottom" mode="word_all">bottom_padding</reply>
    <reply name="attributeName" src="longClickable" mode="word_all">long_click_enabled</reply>
    <reply name="attributeName" src="focusableInTouchMode" mode="word_all">focusable_in_touch</reply>
    <reply name="attributeName" src="fadeScrollbars" mode="word_all">scrollbar_fading_enabled</reply>
    <reply name="attributeName" src="rotation" mode="word_all">rotate</reply>
    <reply name="attributeName" src="scaleX" mode="word_all">scale_x</reply>
    <reply name="attributeName" src="scaleY" mode="word_all">scale_y</reply>
    <reply name="attributeName" src="translationX" mode="word_all">translation_x</reply>
    <reply name="attributeName" src="translationY" mode="word_all">translation_y</reply>
    <reply name="attributeName" src="ellipsize" mode="word_all">truncation_mode</reply>

    <reply name="attributeValue" src="@color/" mode="contains_match">$color:</reply>
    <reply name="attributeValue" src="@drawable/" mode="contains_match">$graphic:</reply>
    <reply name="attributeValue" src="@string/" mode="contains_match">$string:</reply>
    <reply name="attributeValue" src="@dimen/" mode="contains_match">$float:</reply>
    <reply name="attributeValue" src="@bool/" mode="contains_match">$boolean:</reply>
    <reply name="attributeValue" src="@array/" mode="contains_match">$strarray:</reply>
    <reply name="attributeValue" src="@layout/" mode="contains_match">$layout:</reply>
    <reply name="attributeValue" src="@+id/" mode="contains_match">$+id:</reply>
    <reply name="attributeValue" src="@id/" mode="contains_match">$id:</reply>
    <reply name="attributeValue" src="dp" ignoreCase="true" mode="contains_match">vp</reply>
    <reply name="attributeValue" src="sp" ignoreCase="true" mode="contains_match">fp</reply>
    <reply name="attributeValue" src="dip" ignoreCase="true" mode="contains_match">vp</reply>
    <reply name="attributeValue" src="fitCenter" mode="word_all">zoom_center</reply>
    <reply name="attributeValue" src="fitStart" mode="word_all">zoom_start</reply>
    <reply name="attributeValue" src="fitEnd" mode="word_all">zoom_end</reply>
    <reply name="attributeValue" src="fitXY" mode="word_all">stretch</reply>
    <reply name="attributeValue" src="centerInside" mode="word_all">inside</reply>
    <reply name="attributeValue" src="centerCrop" mode="word_all">clip_center</reply>
    <reply name="attributeValue" src="start" mode="word_all">ellipsis_at_start</reply>
    <reply name="attributeValue" src="middle" mode="word_all">ellipsis_at_middle</reply>
    <reply name="attributeValue" src="end" mode="word_all">ellipsis_at_end</reply>
    <reply name="attributeValue" src="marquee" mode="word_all">auto_scrolling</reply>
    <reply name="attributeValue" src="fill_parent" mode="word_all">match_parent</reply>
    <reply name="attributeValue" src="wrap_content" mode="word_all">match_content</reply>
    <reply name="attributeValue" src="gone" mode="word_all">hide</reply>
    <reply name="attributeValue" src="center_vertical" mode="contains_match">vertical_center</reply>
    <reply name="attributeValue" src="center_horizontal" mode="contains_match">horizontal_center</reply>
</rule>